id_pedido,data_pedido,frete,transportadora
10248,1996-07-04,32.38,Federal Shipping
10249,1996-07-05,11.61,Speedy Express
10250,1996-07-08,65.83,United Package
10251,1996-07-08,41.34,Speedy Express
10252,1996-07-09,51.3,United Package
10253,1996-07-10,58.17,United Package
10254,1996-07-11,22.98,United Package
10255,1996-07-12,148.33,Federal Shipping
10256,1996-07-15,13.97,United Package
10257,1996-07-16,81.91,Federal Shipping
10258,1996-07-17,140.51,Speedy Express
10259,1996-07-18,3.25,Federal Shipping
10260,1996-07-19,55.09,Speedy Express
10261,1996-07-19,3.05,United Package
10262,1996-07-22,48.29,Federal Shipping
10263,1996-07-23,146.06,Federal Shipping
10264,1996-07-24,3.67,Federal Shipping
10265,1996-07-25,55.28,Speedy Express
10266,1996-07-26,25.73,Federal Shipping
10267,1996-07-29,208.58,Speedy Express
10268,1996-07-30,66.29,Federal Shipping
10269,1996-07-31,4.56,Speedy Express
10270,1996-08-01,136.54,Speedy Express
10271,1996-08-01,4.54,United Package
10272,1996-08-02,98.03,United Package
10273,1996-08-05,76.07,Federal Shipping
10274,1996-08-06,6.01,Speedy Express
10275,1996-08-07,26.93,Speedy Express
10276,1996-08-08,13.84,Federal Shipping
10277,1996-08-09,125.77,Federal Shipping
10278,1996-08-12,92.69,United Package
10279,1996-08-13,25.83,United Package
10280,1996-08-14,8.98,Speedy Express
10281,1996-08-14,2.94,Speedy Express
10282,1996-08-15,12.69,Speedy Express
10283,1996-08-16,84.81,Federal Shipping
10284,1996-08-19,76.56,Speedy Express
10285,1996-08-20,76.83,United Package
10286,1996-08-21,229.24,Federal Shipping
10287,1996-08-22,12.76,Federal Shipping
10288,1996-08-23,7.45,Speedy Express
10289,1996-08-26,22.77,Federal Shipping
10290,1996-08-27,79.7,Speedy Express
10291,1996-08-27,6.4,United Package
10292,1996-08-28,1.35,United Package
10293,1996-08-29,21.18,Federal Shipping
10294,1996-08-30,147.26,United Package
10295,1996-09-02,1.15,United Package
10296,1996-09-03,0.12,Speedy Express
10297,1996-09-04,5.74,United Package
10298,1996-09-05,168.22,United Package
10299,1996-09-06,29.76,United Package
10300,1996-09-09,17.68,United Package
10301,1996-09-09,45.08,United Package
10302,1996-09-10,6.27,United Package
10303,1996-09-11,107.83,United Package
10304,1996-09-12,63.79,United Package
10305,1996-09-13,257.62,Federal Shipping
10306,1996-09-16,7.56,Federal Shipping
10307,1996-09-17,0.56,United Package
10308,1996-09-18,1.61,Federal Shipping
10309,1996-09-19,47.3,Speedy Express
10310,1996-09-20,17.52,United Package
10311,1996-09-20,24.69,Federal Shipping
10312,1996-09-23,40.26,United Package
10313,1996-09-24,1.96,United Package
10314,1996-09-25,74.16,United Package
10315,1996-09-26,41.76,United Package
10316,1996-09-27,150.15,Federal Shipping
10317,1996-09-30,12.69,Speedy Express
10318,1996-10-01,4.73,United Package
10319,1996-10-02,64.5,Federal Shipping
10320,1996-10-03,34.57,Federal Shipping
10321,1996-10-03,3.43,United Package
10322,1996-10-04,0.4,Federal Shipping
10323,1996-10-07,4.88,Speedy Express
10324,1996-10-08,214.27,Speedy Express
10325,1996-10-09,64.86,Federal Shipping
10326,1996-10-10,77.92,United Package
10327,1996-10-11,63.36,Speedy Express
10328,1996-10-14,87.03,Federal Shipping
10329,1996-10-15,191.67,United Package
10330,1996-10-16,12.75,Speedy Express
10331,1996-10-16,10.19,Speedy Express
10332,1996-10-17,52.84,United Package
10333,1996-10-18,0.59,Federal Shipping
10334,1996-10-21,8.56,United Package
10335,1996-10-22,42.11,United Package
10336,1996-10-23,15.51,United Package
10337,1996-10-24,108.26,Federal Shipping
10338,1996-10-25,84.21,Federal Shipping
10339,1996-10-28,15.66,United Package
10340,1996-10-29,166.31,Federal Shipping
10341,1996-10-29,26.78,Federal Shipping
10342,1996-10-30,54.83,United Package
10343,1996-10-31,110.37,Speedy Express
10344,1996-11-01,23.29,United Package
10345,1996-11-04,249.06,United Package
10346,1996-11-05,142.08,Federal Shipping
10347,1996-11-06,3.1,Federal Shipping
10348,1996-11-07,0.78,United Package
10349,1996-11-08,8.63,Speedy Express
10350,1996-11-11,64.19,United Package
10351,1996-11-11,162.33,Speedy Express
10352,1996-11-12,1.3,Federal Shipping
10353,1996-11-13,360.63,Federal Shipping
10354,1996-11-14,53.8,Federal Shipping
10355,1996-11-15,41.95,Speedy Express
10356,1996-11-18,36.71,United Package
10357,1996-11-19,34.88,Federal Shipping
10358,1996-11-20,19.64,Speedy Express
10359,1996-11-21,288.43,Federal Shipping
10360,1996-11-22,131.7,Federal Shipping
10361,1996-11-22,183.17,United Package
10362,1996-11-25,96.04,Speedy Express
10363,1996-11-26,30.54,Federal Shipping
10364,1996-11-26,71.97,Speedy Express
10365,1996-11-27,22.0,United Package
10366,1996-11-28,10.14,United Package
10367,1996-11-28,13.55,Federal Shipping
10368,1996-11-29,101.95,United Package
10369,1996-12-02,195.68,United Package
10370,1996-12-03,1.17,United Package
10371,1996-12-03,0.45,Speedy Express
10372,1996-12-04,890.78,United Package
10373,1996-12-05,124.12,Federal Shipping
10374,1996-12-05,3.94,Federal Shipping
10375,1996-12-06,20.12,United Package
10376,1996-12-09,20.39,United Package
10377,1996-12-09,22.21,Federal Shipping
10378,1996-12-10,5.44,Federal Shipping
10379,1996-12-11,45.03,Speedy Express
10380,1996-12-12,35.03,Federal Shipping
10381,1996-12-12,7.99,Federal Shipping
10382,1996-12-13,94.77,Speedy Express
10383,1996-12-16,34.24,Federal Shipping
10384,1996-12-16,168.64,Federal Shipping
10385,1996-12-17,30.96,United Package
10386,1996-12-18,13.99,Federal Shipping
10387,1996-12-18,93.63,United Package
10388,1996-12-19,34.86,Speedy Express
10389,1996-12-20,47.42,United Package
10390,1996-12-23,126.38,Speedy Express
10391,1996-12-23,5.45,Federal Shipping
10392,1996-12-24,122.46,Federal Shipping
10393,1996-12-25,126.56,Federal Shipping
10394,1996-12-25,30.34,Federal Shipping
10395,1996-12-26,184.41,Speedy Express
10396,1996-12-27,135.35,Federal Shipping
10397,1996-12-27,60.26,Speedy Express
10398,1996-12-30,89.16,Federal Shipping
10399,1996-12-31,27.36,Federal Shipping
10400,1997-01-01,83.93,Federal Shipping
10401,1997-01-01,12.51,Speedy Express
10402,1997-01-02,67.88,United Package
10403,1997-01-03,73.79,Federal Shipping
10404,1997-01-03,155.97,Speedy Express
10405,1997-01-06,34.82,Speedy Express
10406,1997-01-07,108.04,Speedy Express
10407,1997-01-07,91.48,United Package
10408,1997-01-08,11.26,Speedy Express
10409,1997-01-09,29.83,Speedy Express
10410,1997-01-10,2.4,Federal Shipping
10411,1997-01-10,23.65,Federal Shipping
10412,1997-01-13,3.77,United Package
10413,1997-01-14,95.66,United Package
10414,1997-01-14,21.48,Federal Shipping
10415,1997-01-15,0.2,Speedy Express
10416,1997-01-16,22.72,Federal Shipping
10417,1997-01-16,70.29,Federal Shipping
10418,1997-01-17,17.55,Speedy Express
10419,1997-01-20,137.35,United Package
10420,1997-01-21,44.12,Speedy Express
10421,1997-01-21,99.23,Speedy Express
10422,1997-01-22,3.02,Speedy Express
10423,1997-01-23,24.5,Federal Shipping
10424,1997-01-23,370.61,United Package
10425,1997-01-24,7.93,United Package
10426,1997-01-27,18.69,Speedy Express
10427,1997-01-27,31.29,United Package
10428,1997-01-28,11.09,Speedy Express
10429,1997-01-29,56.63,United Package
10430,1997-01-30,458.78,Speedy Express
10431,1997-01-30,44.17,United Package
10432,1997-01-31,4.34,United Package
10433,1997-02-03,73.83,Federal Shipping
10434,1997-02-03,17.92,United Package
10435,1997-02-04,9.21,United Package
10436,1997-02-05,156.66,United Package
10437,1997-02-05,19.97,Speedy Express
10438,1997-02-06,8.24,United Package
10439,1997-02-07,4.07,Federal Shipping
10440,1997-02-10,86.53,United Package
10441,1997-02-10,73.02,United Package
10442,1997-02-11,47.94,United Package
10443,1997-02-12,13.95,Speedy Express
10444,1997-02-12,3.5,Federal Shipping
10445,1997-02-13,9.3,Speedy Express
10446,1997-02-14,14.68,Speedy Express
10447,1997-02-14,68.66,United Package
10448,1997-02-17,38.82,United Package
10449,1997-02-18,53.3,United Package
10450,1997-02-19,7.23,United Package
10451,1997-02-19,189.09,Federal Shipping
10452,1997-02-20,140.26,Speedy Express
10453,1997-02-21,25.36,United Package
10454,1997-02-21,2.74,Federal Shipping
10455,1997-02-24,180.45,United Package
10456,1997-02-25,8.12,United Package
10457,1997-02-25,11.57,Speedy Express
10458,1997-02-26,147.06,Federal Shipping
10459,1997-02-27,25.09,United Package
10460,1997-02-28,16.27,Speedy Express
10461,1997-02-28,148.61,Federal Shipping
10462,1997-03-03,6.17,Speedy Express
10463,1997-03-04,14.78,Federal Shipping
10464,1997-03-04,89.0,United Package
10465,1997-03-05,145.04,Federal Shipping
10466,1997-03-06,11.93,Speedy Express
10467,1997-03-06,4.93,United Package
10468,1997-03-07,44.12,Federal Shipping
10469,1997-03-10,60.18,Speedy Express
10470,1997-03-11,64.56,United Package
10471,1997-03-11,45.59,Federal Shipping
10472,1997-03-12,4.2,Speedy Express
10473,1997-03-13,16.37,Federal Shipping
10474,1997-03-13,83.49,United Package
10475,1997-03-14,68.52,Speedy Express
10476,1997-03-17,4.41,Federal Shipping
10477,1997-03-17,13.02,United Package
10478,1997-03-18,4.81,Federal Shipping
10479,1997-03-19,708.95,Federal Shipping
10480,1997-03-20,1.35,United Package
10481,1997-03-20,64.33,United Package
10482,1997-03-21,7.48,Federal Shipping
10483,1997-03-24,15.28,United Package
10484,1997-03-24,6.88,Federal Shipping
10485,1997-03-25,64.45,United Package
10486,1997-03-26,30.53,United Package
10487,1997-03-26,71.07,United Package
10488,1997-03-27,4.93,United Package
10489,1997-03-28,5.29,United Package
10490,1997-03-31,210.19,United Package
10491,1997-03-31,16.96,Federal Shipping
10492,1997-04-01,62.89,Speedy Express
10493,1997-04-02,10.64,Federal Shipping
10494,1997-04-02,65.99,United Package
10495,1997-04-03,4.65,Federal Shipping
10496,1997-04-04,46.77,United Package
10497,1997-04-04,36.21,Speedy Express
10498,1997-04-07,29.75,United Package
10499,1997-04-08,102.02,United Package
10500,1997-04-09,42.68,Speedy Express
10501,1997-04-09,8.85,Federal Shipping
10502,1997-04-10,69.32,Speedy Express
10503,1997-04-11,16.74,United Package
10504,1997-04-11,59.13,Federal Shipping
10505,1997-04-14,7.13,Federal Shipping
10506,1997-04-15,21.19,United Package
10507,1997-04-15,47.45,Speedy Express
10508,1997-04-16,4.99,United Package
10509,1997-04-17,0.15,Speedy Express
10510,1997-04-18,367.63,Federal Shipping
10511,1997-04-18,350.64,Federal Shipping
10512,1997-04-21,3.53,United Package
10513,1997-04-22,105.65,Speedy Express
10514,1997-04-22,789.95,United Package
10515,1997-04-23,204.47,Speedy Express
10516,1997-04-24,62.78,Federal Shipping
10517,1997-04-24,32.07,Federal Shipping
10518,1997-04-25,218.15,United Package
10519,1997-04-28,91.76,Federal Shipping
10520,1997-04-29,13.37,Speedy Express
10521,1997-04-29,17.22,United Package
10522,1997-04-30,45.33,Speedy Express
10523,1997-05-01,77.63,United Package
10524,1997-05-01,244.79,United Package
10525,1997-05-02,11.06,United Package
10526,1997-05-05,58.59,United Package
10527,1997-05-05,41.9,Speedy Express
10528,1997-05-06,3.35,United Package
10529,1997-05-07,66.69,United Package
10530,1997-05-08,339.22,United Package
10531,1997-05-08,8.12,Speedy Express
10532,1997-05-09,74.46,Federal Shipping
10533,1997-05-12,188.04,Speedy Express
10534,1997-05-12,27.94,United Package
10535,1997-05-13,15.64,Speedy Express
10536,1997-05-14,58.88,United Package
10537,1997-05-14,78.85,Speedy Express
10538,1997-05-15,4.87,Federal Shipping
10539,1997-05-16,12.36,Federal Shipping
10540,1997-05-19,1007.64,Federal Shipping
10541,1997-05-19,68.65,Speedy Express
10542,1997-05-20,10.95,Federal Shipping
10543,1997-05-21,48.17,United Package
10544,1997-05-21,24.91,Speedy Express
10545,1997-05-22,11.92,United Package
10546,1997-05-23,194.72,Federal Shipping
10547,1997-05-23,178.43,United Package
10548,1997-05-26,1.43,United Package
10549,1997-05-27,171.24,Speedy Express
10550,1997-05-28,4.32,Federal Shipping
10551,1997-05-28,72.95,Federal Shipping
10552,1997-05-29,83.22,Speedy Express
10553,1997-05-30,149.49,United Package
10554,1997-05-30,120.97,Federal Shipping
10555,1997-06-02,252.49,Federal Shipping
10556,1997-06-03,9.8,Speedy Express
10557,1997-06-03,96.72,United Package
10558,1997-06-04,72.97,United Package
10559,1997-06-05,8.05,Speedy Express
10560,1997-06-06,36.65,Speedy Express
10561,1997-06-06,242.21,United Package
10562,1997-06-09,22.95,Speedy Express
10563,1997-06-10,60.43,United Package
10564,1997-06-10,13.75,Federal Shipping
10565,1997-06-11,7.15,United Package
10566,1997-06-12,88.4,Speedy Express
10567,1997-06-12,33.97,Speedy Express
10568,1997-06-13,6.54,Federal Shipping
10569,1997-06-16,58.98,Speedy Express
10570,1997-06-17,188.99,Federal Shipping
10571,1997-06-17,26.06,Federal Shipping
10572,1997-06-18,116.43,United Package
10573,1997-06-19,84.84,Federal Shipping
10574,1997-06-19,37.6,United Package
10575,1997-06-20,127.34,Speedy Express
10576,1997-06-23,18.56,Federal Shipping
10577,1997-06-23,25.41,United Package
10578,1997-06-24,29.6,Federal Shipping
10579,1997-06-25,13.73,United Package
10580,1997-06-26,75.89,Federal Shipping
10581,1997-06-26,3.01,Speedy Express
10582,1997-06-27,27.71,United Package
10583,1997-06-30,7.28,United Package
10584,1997-06-30,59.14,Speedy Express
10585,1997-07-01,13.41,Speedy Express
10586,1997-07-02,0.48,Speedy Express
10587,1997-07-02,62.52,Speedy Express
10588,1997-07-03,194.67,Federal Shipping
10589,1997-07-04,4.42,United Package
10590,1997-07-07,44.77,Federal Shipping
10591,1997-07-07,55.92,Speedy Express
10592,1997-07-08,32.1,Speedy Express
10593,1997-07-09,174.2,United Package
10594,1997-07-09,5.24,United Package
10595,1997-07-10,96.78,Speedy Express
10596,1997-07-11,16.34,Speedy Express
10597,1997-07-11,35.12,Federal Shipping
10598,1997-07-14,44.42,Federal Shipping
10599,1997-07-15,29.98,Federal Shipping
10600,1997-07-16,45.13,Speedy Express
10601,1997-07-16,58.3,Speedy Express
10602,1997-07-17,2.92,United Package
10603,1997-07-18,48.77,United Package
10604,1997-07-18,7.46,Speedy Express
10605,1997-07-21,379.13,United Package
10606,1997-07-22,79.4,Federal Shipping
10607,1997-07-22,200.24,Speedy Express
10608,1997-07-23,27.79,United Package
10609,1997-07-24,1.85,United Package
10610,1997-07-25,26.78,Speedy Express
10611,1997-07-25,80.65,United Package
10612,1997-07-28,544.08,United Package
10613,1997-07-29,8.11,United Package
10614,1997-07-29,1.93,Federal Shipping
10615,1997-07-30,0.75,Federal Shipping
10616,1997-07-31,116.53,United Package
10617,1997-07-31,18.53,United Package
10618,1997-08-01,154.68,Speedy Express
10619,1997-08-04,91.05,Federal Shipping
10620,1997-08-05,0.94,Federal Shipping
10621,1997-08-05,23.73,United Package
10622,1997-08-06,50.97,Federal Shipping
10623,1997-08-07,97.18,United Package
10624,1997-08-07,94.8,United Package
10625,1997-08-08,43.9,Speedy Express
10626,1997-08-11,138.69,United Package
10627,1997-08-11,107.46,Federal Shipping
10628,1997-08-12,30.36,Federal Shipping
10629,1997-08-12,85.46,Federal Shipping
10630,1997-08-13,32.35,United Package
10631,1997-08-14,0.87,Speedy Express
10632,1997-08-14,41.38,Speedy Express
10633,1997-08-15,477.9,Federal Shipping
10634,1997-08-15,487.38,Federal Shipping
10635,1997-08-18,47.46,Federal Shipping
10636,1997-08-19,1.15,Speedy Express
10637,1997-08-19,201.29,Speedy Express
10638,1997-08-20,158.44,Speedy Express
10639,1997-08-20,38.64,Federal Shipping
10640,1997-08-21,23.55,Speedy Express
10641,1997-08-22,179.61,United Package
10642,1997-08-22,41.89,Federal Shipping
10643,1997-08-25,29.46,Speedy Express
10644,1997-08-25,0.14,United Package
10645,1997-08-26,12.41,Speedy Express
10646,1997-08-27,142.33,Federal Shipping
10647,1997-08-27,45.54,United Package
10648,1997-08-28,14.25,United Package
10649,1997-08-28,6.2,Federal Shipping
10650,1997-08-29,176.81,Federal Shipping
10651,1997-09-01,20.6,United Package
10652,1997-09-01,7.14,United Package
10653,1997-09-02,93.25,Speedy Express
10654,1997-09-02,55.26,Speedy Express
10655,1997-09-03,4.41,United Package
10656,1997-09-04,57.15,Speedy Express
10657,1997-09-04,352.69,United Package
10658,1997-09-05,364.15,Speedy Express
10659,1997-09-05,105.81,United Package
10660,1997-09-08,111.29,Speedy Express
10661,1997-09-09,17.55,Federal Shipping
10662,1997-09-09,1.28,United Package
10663,1997-09-10,113.15,United Package
10664,1997-09-10,1.27,Federal Shipping
10665,1997-09-11,26.31,United Package
10666,1997-09-12,232.42,United Package
10667,1997-09-12,78.09,Speedy Express
10668,1997-09-15,47.22,United Package
10669,1997-09-15,24.39,Speedy Express
10670,1997-09-16,203.48,Speedy Express
10671,1997-09-17,30.34,Speedy Express
10672,1997-09-17,95.75,United Package
10673,1997-09-18,22.76,Speedy Express
10674,1997-09-18,0.9,United Package
10675,1997-09-19,31.85,United Package
10676,1997-09-22,2.01,United Package
10677,1997-09-22,4.03,Federal Shipping
10678,1997-09-23,388.98,Federal Shipping
10679,1997-09-23,27.94,Federal Shipping
10680,1997-09-24,26.61,Speedy Express
10681,1997-09-25,76.13,Federal Shipping
10682,1997-09-25,36.13,United Package
10683,1997-09-26,4.4,Speedy Express
10684,1997-09-26,145.63,Speedy Express
10685,1997-09-29,33.75,United Package
10686,1997-09-30,96.5,Speedy Express
10687,1997-09-30,296.43,United Package
10688,1997-10-01,299.09,United Package
10689,1997-10-01,13.42,United Package
10690,1997-10-02,15.8,Speedy Express
10691,1997-10-03,810.05,United Package
10692,1997-10-03,61.02,United Package
10693,1997-10-06,139.34,Federal Shipping
10694,1997-10-06,398.36,Federal Shipping
10695,1997-10-07,16.72,Speedy Express
10696,1997-10-08,102.55,Federal Shipping
10697,1997-10-08,45.52,Speedy Express
10698,1997-10-09,272.47,Speedy Express
10699,1997-10-09,0.58,Federal Shipping
10700,1997-10-10,65.1,Speedy Express
10701,1997-10-13,220.31,Federal Shipping
10702,1997-10-13,23.94,Speedy Express
10703,1997-10-14,152.3,United Package
10704,1997-10-14,4.78,Speedy Express
10705,1997-10-15,3.52,United Package
10706,1997-10-16,135.63,Federal Shipping
10707,1997-10-16,21.74,Federal Shipping
10708,1997-10-17,2.96,United Package
10709,1997-10-17,210.8,Federal Shipping
10710,1997-10-20,4.98,Speedy Express
10711,1997-10-21,52.41,United Package
10712,1997-10-21,89.93,Speedy Express
10713,1997-10-22,167.05,Speedy Express
10714,1997-10-22,24.49,Federal Shipping
10715,1997-10-23,63.2,Speedy Express
10716,1997-10-24,22.57,United Package
10717,1997-10-24,59.25,United Package
10718,1997-10-27,170.88,Federal Shipping
10719,1997-10-27,51.44,United Package
10720,1997-10-28,9.53,United Package
10721,1997-10-29,48.92,Federal Shipping
10722,1997-10-29,74.58,Speedy Express
10723,1997-10-30,21.72,Speedy Express
10724,1997-10-30,57.75,United Package
10725,1997-10-31,10.83,Federal Shipping
10726,1997-11-03,16.56,Speedy Express
10727,1997-11-03,89.9,Speedy Express
10728,1997-11-04,58.33,United Package
10729,1997-11-04,141.06,Federal Shipping
10730,1997-11-05,20.12,Speedy Express
10731,1997-11-06,96.65,Speedy Express
10732,1997-11-06,16.97,Speedy Express
10733,1997-11-07,110.11,Federal Shipping
10734,1997-11-07,1.63,Federal Shipping
10735,1997-11-10,45.97,United Package
10736,1997-11-11,44.1,United Package
10737,1997-11-11,7.79,United Package
10738,1997-11-12,2.91,Speedy Express
10739,1997-11-12,11.08,Federal Shipping
10740,1997-11-13,81.88,United Package
10741,1997-11-14,10.96,Federal Shipping
10742,1997-11-14,243.73,Federal Shipping
10743,1997-11-17,23.72,United Package
10744,1997-11-17,69.19,Speedy Express
10745,1997-11-18,3.52,Speedy Express
10746,1997-11-19,31.43,Federal Shipping
10747,1997-11-19,117.33,Speedy Express
10748,1997-11-20,232.55,Speedy Express
10749,1997-11-20,61.53,United Package
10750,1997-11-21,79.3,Speedy Express
10751,1997-11-24,130.79,Federal Shipping
10752,1997-11-24,1.39,Federal Shipping
10753,1997-11-25,7.7,Speedy Express
10754,1997-11-25,2.38,Federal Shipping
10755,1997-11-26,16.71,United Package
10756,1997-11-27,73.21,United Package
10757,1997-11-27,8.19,Speedy Express
10758,1997-11-28,138.17,Federal Shipping
10759,1997-11-28,11.99,Federal Shipping
10760,1997-12-01,155.64,Speedy Express
10761,1997-12-02,18.66,United Package
10762,1997-12-02,328.74,Speedy Express
10763,1997-12-03,37.35,Federal Shipping
10764,1997-12-03,145.45,Federal Shipping
10765,1997-12-04,42.74,Federal Shipping
10766,1997-12-05,157.55,Speedy Express
10767,1997-12-05,1.59,Federal Shipping
10768,1997-12-08,146.32,United Package
10769,1997-12-08,65.06,Speedy Express
10770,1997-12-09,5.32,Federal Shipping
10771,1997-12-10,11.19,United Package
10772,1997-12-10,91.28,United Package
10773,1997-12-11,96.43,Federal Shipping
10774,1997-12-11,48.2,Speedy Express
10775,1997-12-12,20.25,Speedy Express
10776,1997-12-15,351.53,Federal Shipping
10777,1997-12-15,3.01,United Package
10778,1997-12-16,6.79,Speedy Express
10779,1997-12-16,58.13,United Package
10780,1997-12-16,42.13,Speedy Express
10781,1997-12-17,73.16,Federal Shipping
10782,1997-12-17,1.1,Federal Shipping
10783,1997-12-18,124.98,United Package
10784,1997-12-18,70.09,Federal Shipping
10785,1997-12-18,1.51,Federal Shipping
10786,1997-12-19,110.87,Speedy Express
10787,1997-12-19,249.93,Speedy Express
10788,1997-12-22,42.7,United Package
10789,1997-12-22,100.6,United Package
10790,1997-12-22,28.23,Speedy Express
10791,1997-12-23,16.85,United Package
10792,1997-12-23,23.79,Federal Shipping
10793,1997-12-24,4.52,Federal Shipping
10794,1997-12-24,21.49,Speedy Express
10795,1997-12-24,126.66,United Package
10796,1997-12-25,26.52,Speedy Express
10797,1997-12-25,33.35,United Package
10798,1997-12-26,2.33,Speedy Express
10799,1997-12-26,30.76,Federal Shipping
10800,1997-12-26,137.44,Federal Shipping
10801,1997-12-29,97.09,United Package
10802,1997-12-29,257.26,United Package
10803,1997-12-30,55.23,Speedy Express
10804,1997-12-30,27.33,United Package
10805,1997-12-30,237.34,Federal Shipping
10806,1997-12-31,22.11,United Package
10807,1997-12-31,1.36,Speedy Express
10808,1998-01-01,45.53,Federal Shipping
10809,1998-01-01,4.87,Speedy Express
10810,1998-01-01,4.33,Federal Shipping
10811,1998-01-02,31.22,Speedy Express
10812,1998-01-02,59.78,Speedy Express
10813,1998-01-05,47.38,Speedy Express
10814,1998-01-05,130.94,Federal Shipping
10815,1998-01-05,14.62,Federal Shipping
10816,1998-01-06,719.78,United Package
10817,1998-01-06,306.07,United Package
10818,1998-01-07,65.48,Federal Shipping
10819,1998-01-07,19.76,Federal Shipping
10820,1998-01-07,37.52,United Package
10821,1998-01-08,36.68,Speedy Express
10822,1998-01-08,7.0,Federal Shipping
10823,1998-01-09,163.97,United Package
10824,1998-01-09,1.23,Speedy Express
10825,1998-01-09,79.25,Speedy Express
10826,1998-01-12,7.09,Speedy Express
10827,1998-01-12,63.54,United Package
10828,1998-01-13,90.85,Speedy Express
10829,1998-01-13,154.72,Speedy Express
10830,1998-01-13,81.83,United Package
10831,1998-01-14,72.19,United Package
10832,1998-01-14,43.26,United Package
10833,1998-01-15,71.49,United Package
10834,1998-01-15,29.78,Federal Shipping
10835,1998-01-15,69.53,Federal Shipping
10836,1998-01-16,411.88,Speedy Express
10837,1998-01-16,13.32,Federal Shipping
10838,1998-01-19,59.28,Federal Shipping
10839,1998-01-19,35.43,Federal Shipping
10840,1998-01-19,2.71,United Package
10841,1998-01-20,424.3,United Package
10842,1998-01-20,54.42,Federal Shipping
10843,1998-01-21,9.26,United Package
10844,1998-01-21,25.22,United Package
10845,1998-01-21,212.98,Speedy Express
10846,1998-01-22,56.46,Federal Shipping
10847,1998-01-22,487.57,Federal Shipping
10848,1998-01-23,38.24,United Package
10849,1998-01-23,0.56,United Package
10850,1998-01-23,49.19,Speedy Express
10851,1998-01-26,160.55,Speedy Express
10852,1998-01-26,174.05,Speedy Express
10853,1998-01-27,53.83,United Package
10854,1998-01-27,100.22,United Package
10855,1998-01-27,170.97,Speedy Express
10856,1998-01-28,58.43,United Package
10857,1998-01-28,188.85,United Package
10858,1998-01-29,52.51,Speedy Express
10859,1998-01-29,76.1,United Package
10860,1998-01-29,19.26,Federal Shipping
10861,1998-01-30,14.93,United Package
10862,1998-01-30,53.23,United Package
10863,1998-02-02,30.26,United Package
10864,1998-02-02,3.04,United Package
10865,1998-02-02,348.14,Speedy Express
10866,1998-02-03,109.11,Speedy Express
10867,1998-02-03,1.93,Speedy Express
10868,1998-02-04,191.27,United Package
10869,1998-02-04,143.28,Speedy Express
10870,1998-02-04,12.04,Federal Shipping
10871,1998-02-05,112.27,United Package
10872,1998-02-05,175.32,United Package
10873,1998-02-06,0.82,Speedy Express
10874,1998-02-06,19.58,United Package
10875,1998-02-06,32.37,United Package
10876,1998-02-09,60.42,Federal Shipping
10877,1998-02-09,38.06,Speedy Express
10878,1998-02-10,46.69,Speedy Express
10879,1998-02-10,8.5,Federal Shipping
10880,1998-02-10,88.01,Speedy Express
10881,1998-02-11,2.84,Speedy Express
10882,1998-02-11,23.1,Federal Shipping
10883,1998-02-12,0.53,Federal Shipping
10884,1998-02-12,90.97,United Package
10885,1998-02-12,5.64,Federal Shipping
10886,1998-02-13,4.99,Speedy Express
10887,1998-02-13,1.25,Federal Shipping
10888,1998-02-16,51.87,United Package
10889,1998-02-16,280.61,Federal Shipping
10890,1998-02-16,32.76,Speedy Express
10891,1998-02-17,20.37,United Package
10892,1998-02-17,120.27,United Package
10893,1998-02-18,77.78,United Package
10894,1998-02-18,116.13,Speedy Express
10895,1998-02-18,162.75,Speedy Express
10896,1998-02-19,32.45,Federal Shipping
10897,1998-02-19,603.54,United Package
10898,1998-02-20,1.27,United Package
10899,1998-02-20,1.21,Federal Shipping
10900,1998-02-20,1.66,United Package
10901,1998-02-23,62.09,Speedy Express
10902,1998-02-23,44.15,Speedy Express
10903,1998-02-24,36.71,Federal Shipping
10904,1998-02-24,162.95,Federal Shipping
10905,1998-02-24,13.72,United Package
10906,1998-02-25,26.29,Federal Shipping
10907,1998-02-25,9.19,Federal Shipping
10908,1998-02-26,32.96,United Package
10909,1998-02-26,53.05,United Package
10910,1998-02-26,38.11,Federal Shipping
10911,1998-02-26,38.19,Speedy Express
10912,1998-02-26,580.91,United Package
10913,1998-02-26,33.05,Speedy Express
10914,1998-02-27,21.19,Speedy Express
10915,1998-02-27,3.51,United Package
10916,1998-02-27,63.77,United Package
10917,1998-03-02,8.29,United Package
10918,1998-03-02,48.83,Federal Shipping
10919,1998-03-02,19.8,United Package
10920,1998-03-03,29.61,United Package
10921,1998-03-03,176.48,Speedy Express
10922,1998-03-03,62.74,Federal Shipping
10923,1998-03-03,68.26,Federal Shipping
10924,1998-03-04,151.52,United Package
10925,1998-03-04,2.27,Speedy Express
10926,1998-03-04,39.92,Federal Shipping
10927,1998-03-05,19.79,Speedy Express
10928,1998-03-05,1.36,Speedy Express
10929,1998-03-05,33.93,Speedy Express
10930,1998-03-06,15.55,Federal Shipping
10931,1998-03-06,13.6,United Package
10932,1998-03-06,134.64,Speedy Express
10933,1998-03-06,54.15,Federal Shipping
10934,1998-03-09,32.01,Federal Shipping
10935,1998-03-09,47.59,Federal Shipping
10936,1998-03-09,33.68,United Package
10937,1998-03-10,31.51,Federal Shipping
10938,1998-03-10,31.89,United Package
10939,1998-03-10,76.33,United Package
10940,1998-03-11,19.77,Federal Shipping
10941,1998-03-11,400.81,United Package
10942,1998-03-11,17.95,Federal Shipping
10943,1998-03-11,2.17,United Package
10944,1998-03-12,52.92,Federal Shipping
10945,1998-03-12,10.22,Speedy Express
10946,1998-03-12,27.2,United Package
10947,1998-03-13,3.26,United Package
10948,1998-03-13,23.39,Federal Shipping
10949,1998-03-13,74.44,Federal Shipping
10950,1998-03-16,2.5,United Package
10951,1998-03-16,30.85,United Package
10952,1998-03-16,40.42,Speedy Express
10953,1998-03-16,23.72,United Package
10954,1998-03-17,27.91,Speedy Express
10955,1998-03-17,3.26,United Package
10956,1998-03-17,44.65,United Package
10957,1998-03-18,105.36,Federal Shipping
10958,1998-03-18,49.56,United Package
10959,1998-03-18,4.98,United Package
10960,1998-03-19,2.08,Speedy Express
10961,1998-03-19,104.47,Speedy Express
10962,1998-03-19,275.79,United Package
10963,1998-03-19,2.7,Federal Shipping
10964,1998-03-20,87.38,United Package
10965,1998-03-20,144.38,Federal Shipping
10966,1998-03-20,27.19,Speedy Express
10967,1998-03-23,62.22,United Package
10968,1998-03-23,74.6,Federal Shipping
10969,1998-03-23,0.21,United Package
10970,1998-03-24,16.16,Speedy Express
10971,1998-03-24,121.82,United Package
10972,1998-03-24,0.02,United Package
10973,1998-03-24,15.17,United Package
10974,1998-03-25,12.96,Federal Shipping
10975,1998-03-25,32.27,Federal Shipping
10976,1998-03-25,37.97,Speedy Express
10977,1998-03-26,208.5,Federal Shipping
10978,1998-03-26,32.82,United Package
10979,1998-03-26,353.07,United Package
10980,1998-03-27,1.26,Speedy Express
10981,1998-03-27,193.37,United Package
10982,1998-03-27,14.01,Speedy Express
10983,1998-03-27,657.54,United Package
10984,1998-03-30,211.22,Federal Shipping
10985,1998-03-30,91.51,Speedy Express
10986,1998-03-30,217.86,United Package
10987,1998-03-31,185.48,Speedy Express
10988,1998-03-31,61.14,United Package
10989,1998-03-31,34.76,Speedy Express
10990,1998-04-01,117.61,Federal Shipping
10991,1998-04-01,38.51,Speedy Express
10992,1998-04-01,4.27,Federal Shipping
10993,1998-04-01,8.81,Federal Shipping
10994,1998-04-02,65.53,Federal Shipping
10995,1998-04-02,46.0,Federal Shipping
10996,1998-04-02,1.12,United Package
10997,1998-04-03,73.91,United Package
10998,1998-04-03,20.31,United Package
10999,1998-04-03,96.35,United Package
11000,1998-04-06,55.12,Federal Shipping
11001,1998-04-06,197.3,United Package
11002,1998-04-06,141.16,Speedy Express
11003,1998-04-06,14.91,Federal Shipping
11004,1998-04-07,44.84,Speedy Express
11005,1998-04-07,0.75,Speedy Express
11006,1998-04-07,25.19,United Package
11007,1998-04-08,202.24,United Package
11008,1998-04-08,79.46,Federal Shipping
11009,1998-04-08,59.11,Speedy Express
11010,1998-04-09,28.71,United Package
11011,1998-04-09,1.21,Speedy Express
11012,1998-04-09,242.95,Federal Shipping
11013,1998-04-09,32.99,Speedy Express
11014,1998-04-10,23.6,Federal Shipping
11015,1998-04-10,4.62,United Package
11016,1998-04-10,33.8,United Package
11017,1998-04-13,754.26,United Package
11018,1998-04-13,11.65,United Package
11019,1998-04-13,3.17,Federal Shipping
11020,1998-04-14,43.3,United Package
11021,1998-04-14,297.18,Speedy Express
11022,1998-04-14,6.27,United Package
11023,1998-04-14,123.83,United Package
11024,1998-04-15,74.36,Speedy Express
11025,1998-04-15,29.17,Federal Shipping
11026,1998-04-15,47.09,Speedy Express
11027,1998-04-16,52.52,Speedy Express
11028,1998-04-16,29.59,Speedy Express
11029,1998-04-16,47.84,Speedy Express
11030,1998-04-17,830.75,United Package
11031,1998-04-17,227.22,United Package
11032,1998-04-17,606.19,Federal Shipping
11033,1998-04-17,84.74,Federal Shipping
11034,1998-04-20,40.32,Speedy Express
11035,1998-04-20,0.17,United Package
11036,1998-04-20,149.47,Federal Shipping
11037,1998-04-21,3.2,Speedy Express
11038,1998-04-21,29.59,United Package
11039,1998-04-21,65.0,United Package
11040,1998-04-22,18.84,Federal Shipping
11041,1998-04-22,48.22,United Package
11042,1998-04-22,29.99,Speedy Express
11043,1998-04-22,8.8,United Package
11044,1998-04-23,8.72,Speedy Express
11045,1998-04-23,70.58,United Package
11046,1998-04-23,71.64,United Package
11047,1998-04-24,46.62,Federal Shipping
11048,1998-04-24,24.12,Federal Shipping
11049,1998-04-24,8.34,Speedy Express
11050,1998-04-27,59.41,United Package
11051,1998-04-27,2.79,Federal Shipping
11052,1998-04-27,67.26,Speedy Express
11053,1998-04-27,53.05,United Package
11054,1998-04-28,0.33,Speedy Express
11055,1998-04-28,120.92,United Package
11056,1998-04-28,278.96,United Package
11057,1998-04-29,4.13,Federal Shipping
11058,1998-04-29,31.14,Federal Shipping
11059,1998-04-29,85.8,United Package
11060,1998-04-30,10.98,United Package
11061,1998-04-30,14.01,Federal Shipping
11062,1998-04-30,29.93,United Package
11063,1998-04-30,81.73,United Package
11064,1998-05-01,30.09,Speedy Express
11065,1998-05-01,12.91,Speedy Express
11066,1998-05-01,44.72,United Package
11067,1998-05-04,7.98,United Package
11068,1998-05-04,81.75,United Package
11069,1998-05-04,15.67,United Package
11070,1998-05-05,136.0,Speedy Express
11071,1998-05-05,0.93,Speedy Express
11072,1998-05-05,258.64,United Package
11073,1998-05-05,24.95,United Package
11074,1998-05-06,18.44,United Package
11075,1998-05-06,6.19,United Package
11076,1998-05-06,38.28,United Package
11077,1998-05-06,8.53,United Package
